{
  "IsEncrypted": false,
  "Values": {
    "AzureWebJobsStorage": "",
    "FUNCTIONS_WORKER_RUNTIME": "python",
    "blob_connection": "DefaultEndpointsProtocol=https;AccountName=208678d1musea2st001v2;AccountKey=FJBUv87UgJeOMsr4BjQbeOH0x4CeStJCrqmIetpUIUSsfojABiv+Pk1fDzTOyQtDB6tJp9PZhPCDi5AQx+IZZw==;EndpointSuffix=core.windows.net",
    "sftputility_STORAGE": "DefaultEndpointsProtocol=https;AccountName=sftputility;AccountKey=LCbBIUvGJJuiRbgiHlL4G9trjsOVLM/db2K2XtTGiFhfD+W9pbXAv8sEI6CU5s2/ChDo7BIL6rIH+AStJa1+Vg==;EndpointSuffix=core.windows.net"
  }
}
